{
  "scales": [
    1.0,
    2.0,
    3.0
  ],
  "exact_values": [
    -7.054830818910035,
    -7.05904553498422,
    -7.063363967554755
  ],
  "vqe_values": [
    -7.0548214263899816,
    -7.053812290339157,
    -7.052805249166526
  ],
  "exact_extrapolated": -7.050546958504954,
  "exact_fit_coefs": [
    -0.004266574322358632,
    -7.050546958504954
  ],
  "vqe_extrapolated": -7.055829165855346,
  "vqe_fit_coefs": [
    0.001008088611728412,
    -7.055829165855346
  ],
  "noise_rel_strength": 0.01
}